{
  "Guid" : "FFC77AB2-DD5B-4127-8C29-DCC9E17A6C90",
  "Tags" : [

  ],
  "Ansi 12 Color" : {
    "Green Component" : 0.59280002117156982,
    "Red Component" : 0.18765261769294739,
    "Blue Component" : 0.77783042192459106
  },
  "Ansi 2 Color" : {
    "Green Component" : 0.31778928637504578,
    "Red Component" : 0.28274443745613098,
    "Blue Component" : 0.2325579971075058
  },
  "Normal Font" : "AndaleMono 14",
  "Bold Color" : {
    "Green Component" : 0.95562064647674561,
    "Red Component" : 0.95564931631088257,
    "Blue Component" : 0.95563691854476929
  },
  "Custom Directory" : "No",
  "Ansi 4 Color" : {
    "Green Component" : 0.42780765891075134,
    "Red Component" : 0.33938431739807129,
    "Blue Component" : 0.55041235685348511
  },
  "Right Option Key Sends" : 0,
  "Rows" : 25,
  "Default Bookmark" : "No",
  "Cursor Guide Color" : {
    "Red Component" : 0.70213186740875244,
    "Color Space" : "sRGB",
    "Blue Component" : 1,
    "Alpha Component" : 0.25,
    "Green Component" : 0.9268307089805603
  },
  "Non-ASCII Anti Aliased" : true,
  "Use Bright Bold" : true,
  "Ansi 10 Color" : {
    "Green Component" : 0.6545635461807251,
    "Red Component" : 0.6516106128692627,
    "Blue Component" : 0.36501666903495789
  },
  "Ambiguous Double Width" : false,
  "Jobs to Ignore" : [
    "rlogin",
    "ssh",
    "slogin",
    "telnet"
  ],
  "Ansi 15 Color" : {
    "Green Component" : 0.95562064647674561,
    "Red Component" : 0.95564931631088257,
    "Blue Component" : 0.95563691854476929
  },
  "Foreground Color" : {
    "Green Component" : 0.64182853698730469,
    "Red Component" : 0.68177264928817749,
    "Blue Component" : 0.48019847273826599
  },
  "Working Directory" : "\/Users\/valerieangulo",
  "Blinking Cursor" : true,
  "Disable Window Resizing" : true,
  "Sync Title" : false,
  "Prompt Before Closing 2" : false,
  "BM Growl" : true,
  "Command" : "",
  "Description" : "Default",
  "Mouse Reporting" : true,
  "Screen" : -1,
  "Selection Color" : {
    "Green Component" : 0.14522182941436768,
    "Red Component" : 0.091022126376628876,
    "Blue Component" : 0.22519049048423767
  },
  "Only The Default BG Color Uses Transparency" : false,
  "Columns" : 80,
  "Idle Code" : 0,
  "Ansi 13 Color" : {
    "Green Component" : 0.18856461346149445,
    "Red Component" : 0.82901692390441895,
    "Blue Component" : 0.3802189826965332
  },
  "Title Components" : 3,
  "Custom Command" : "No",
  "ASCII Anti Aliased" : true,
  "tmux Pane Title" : "",
  "Non Ascii Font" : "Monaco 12",
  "Vertical Spacing" : 1,
  "Use Bold Font" : true,
  "Option Key Sends" : 0,
  "Selected Text Color" : {
    "Green Component" : 0.6413731575012207,
    "Red Component" : 0.68174535036087036,
    "Blue Component" : 0.49669501185417175
  },
  "Background Color" : {
    "Green Component" : 0.11044745147228241,
    "Red Component" : 0.097994714975357056,
    "Blue Component" : 0.15351828932762146
  },
  "Character Encoding" : 4,
  "Ansi 11 Color" : {
    "Green Component" : 0.87425780296325684,
    "Red Component" : 0.86436504125595093,
    "Blue Component" : 0.48525094985961914
  },
  "Use Italic Font" : true,
  "Unlimited Scrollback" : false,
  "Keyboard Map" : {
    "0xf700-0x260000" : {
      "Text" : "[1;6A",
      "Action" : 10
    },
    "0x37-0x40000" : {
      "Text" : "0x1f",
      "Action" : 11
    },
    "0x32-0x40000" : {
      "Text" : "0x00",
      "Action" : 11
    },
    "0xf709-0x20000" : {
      "Text" : "[17;2~",
      "Action" : 10
    },
    "0xf70c-0x20000" : {
      "Text" : "[20;2~",
      "Action" : 10
    },
    "0xf729-0x20000" : {
      "Text" : "[1;2H",
      "Action" : 10
    },
    "0xf72b-0x40000" : {
      "Text" : "[1;5F",
      "Action" : 10
    },
    "0xf705-0x20000" : {
      "Text" : "[1;2Q",
      "Action" : 10
    },
    "0xf703-0x260000" : {
      "Text" : "[1;6C",
      "Action" : 10
    },
    "0xf700-0x220000" : {
      "Text" : "[1;2A",
      "Action" : 10
    },
    "0xf701-0x280000" : {
      "Text" : "0x1b 0x1b 0x5b 0x42",
      "Action" : 11
    },
    "0x38-0x40000" : {
      "Text" : "0x7f",
      "Action" : 11
    },
    "0x33-0x40000" : {
      "Text" : "0x1b",
      "Action" : 11
    },
    "0xf703-0x220000" : {
      "Text" : "[1;2C",
      "Action" : 10
    },
    "0xf701-0x240000" : {
      "Text" : "[1;5B",
      "Action" : 10
    },
    "0xf70d-0x20000" : {
      "Text" : "[21;2~",
      "Action" : 10
    },
    "0xf702-0x260000" : {
      "Text" : "[1;6D",
      "Action" : 10
    },
    "0xf729-0x40000" : {
      "Text" : "[1;5H",
      "Action" : 10
    },
    "0xf706-0x20000" : {
      "Text" : "[1;2R",
      "Action" : 10
    },
    "0x34-0x40000" : {
      "Text" : "0x1c",
      "Action" : 11
    },
    "0xf700-0x280000" : {
      "Text" : "0x1b 0x1b 0x5b 0x41",
      "Action" : 11
    },
    "0x2d-0x40000" : {
      "Text" : "0x1f",
      "Action" : 11
    },
    "0xf70e-0x20000" : {
      "Text" : "[23;2~",
      "Action" : 10
    },
    "0xf702-0x220000" : {
      "Text" : "[1;2D",
      "Action" : 10
    },
    "0xf703-0x280000" : {
      "Text" : "0x1b 0x1b 0x5b 0x43",
      "Action" : 11
    },
    "0xf700-0x240000" : {
      "Text" : "[1;5A",
      "Action" : 10
    },
    "0xf707-0x20000" : {
      "Text" : "[1;2S",
      "Action" : 10
    },
    "0xf70a-0x20000" : {
      "Text" : "[18;2~",
      "Action" : 10
    },
    "0x35-0x40000" : {
      "Text" : "0x1d",
      "Action" : 11
    },
    "0xf70f-0x20000" : {
      "Text" : "[24;2~",
      "Action" : 10
    },
    "0xf703-0x240000" : {
      "Text" : "[1;5C",
      "Action" : 10
    },
    "0xf701-0x260000" : {
      "Text" : "[1;6B",
      "Action" : 10
    },
    "0xf702-0x280000" : {
      "Text" : "0x1b 0x1b 0x5b 0x44",
      "Action" : 11
    },
    "0xf72b-0x20000" : {
      "Text" : "[1;2F",
      "Action" : 10
    },
    "0x36-0x40000" : {
      "Text" : "0x1e",
      "Action" : 11
    },
    "0xf708-0x20000" : {
      "Text" : "[15;2~",
      "Action" : 10
    },
    "0xf701-0x220000" : {
      "Text" : "[1;2B",
      "Action" : 10
    },
    "0xf70b-0x20000" : {
      "Text" : "[19;2~",
      "Action" : 10
    },
    "0xf702-0x240000" : {
      "Text" : "[1;5D",
      "Action" : 10
    },
    "0xf704-0x20000" : {
      "Text" : "[1;2P",
      "Action" : 10
    }
  },
  "Window Type" : 0,
  "Blur Radius" : 18.866685068976018,
  "Background Image Location" : "",
  "Blur" : true,
  "Badge Color" : {
    "Red Component" : 1,
    "Color Space" : "sRGB",
    "Blue Component" : 0,
    "Alpha Component" : 0.5,
    "Green Component" : 0.1491314172744751
  },
  "Scrollback Lines" : 1000,
  "Send Code When Idle" : false,
  "Close Sessions On End" : true,
  "Terminal Type" : "xterm-256color",
  "Visual Bell" : true,
  "Flashing Bell" : false,
  "Silence Bell" : false,
  "Ansi 14 Color" : {
    "Green Component" : 0.85700017213821411,
    "Red Component" : 0.95349055528640747,
    "Blue Component" : 0.69688498973846436
  },
  "Name" : "Default",
  "Cursor Text Color" : {
    "Green Component" : 0.094970852136611938,
    "Red Component" : 0.094973690807819366,
    "Blue Component" : 0.094972454011440277
  },
  "Minimum Contrast" : 0,
  "Shortcut" : "",
  "Cursor Color" : {
    "Green Component" : 0.50306510925292969,
    "Red Component" : 0.57086759805679321,
    "Blue Component" : 0.35684689879417419
  },
  "Ansi 0 Color" : {
    "Green Component" : 0.094970852136611938,
    "Red Component" : 0.094973690807819366,
    "Blue Component" : 0.094972454011440277
  },
  "Ansi 1 Color" : {
    "Green Component" : 0,
    "Red Component" : 0.50563055276870728,
    "Blue Component" : 0.036839082837104797
  },
  "Horizontal Spacing" : 1,
  "Ansi 3 Color" : {
    "Green Component" : 0.54394221305847168,
    "Red Component" : 0.80142897367477417,
    "Blue Component" : 0.24512144923210144
  },
  "Link Color" : {
    "Red Component" : 0,
    "Color Space" : "sRGB",
    "Blue Component" : 0.73423302173614502,
    "Alpha Component" : 1,